{
    "limitClass": "PairDecayLimit",
    "id": 1811110281,
    "reference": "1811.11028",
    "source": "Aux. Tab. 6",
    "citeKey": "ATLAS:2018ili",
    "collider": "LHC13",
    "experiment": "ATLAS",
    "luminosity": 36.1,
    "process": {
        "production": [
            "ggH"
        ],
        "firstDecay": [
            "WW"
        ],
        "secondDecay": [
            "WW"
        ]
    },
    "analysis": {
        "equalDaughterMasses": true,
        "massResolution": {
            "firstDaughter": {
                "absolute": 10,
                "relative": 0
            },
            "secondDaughter": {
                "absolute": 10,
                "relative": 0
            },
            "mother": {
                "absolute": 5,
                "relative": 0.1
            }
        },
        "grid": {
            "massMother": [
                260.0,
                280.0,
                300.0,
                320.0,
                340.0,
                400.0,
                500.0
            ],
            "massFirstDaughter": [
                125.0,
                135.0
            ]
        },
        "limit": {
            "observed": [
                0.403965016865442,
                1000000.0,
                0.386590177430369,
                0.276163537114505,
                0.369215337995297,
                0.337533212028839,
                0.34141559489918,
                0.368218049486006,
                0.313615851803064,
                0.38356046821459,
                0.230216622514714,
                1000000.0,
                0.121623876045509,
                1000000.0
            ],
            "expected": [
                0.430027276018051,
                1000000.0,
                0.432199130947436,
                0.322190793300256,
                0.43437098587682,
                0.352875630757423,
                0.40570250080895,
                0.38356046821459,
                0.377034015741079,
                0.337533212028839,
                0.291028560537469,
                1000000.0,
                0.112936456327973,
                1000000.0
            ]
        }
    }
}