{
    "limitClass": "PairDecayLimit",
    "id": 150600424,
    "reference": "1506.00424",
    "source": "Fig. 2 (left)",
    "citeKey": "CMS:2015nay",
    "collider": "LHC8",
    "experiment": "CMS",
    "luminosity": 20.7,
    "process": {
        "production": [
            "H"
        ],
        "firstDecay": [
            "mumu"
        ],
        "secondDecay": [
            "mumu"
        ]
    },
    "analysis": {
        "equalDaughterMasses": true,
        "massResolution": {
            "firstDaughter": {
                "absolute": 0.13,
                "relative": 0.065
            },
            "secondDaughter": {
                "absolute": 0.13,
                "relative": 0.065
            },
            "mother": {
                "absolute": 2,
                "relative": 0
            }
        },
        "grid": {
            "massMother": [
                86.0,
                90.0,
                91.0,
                95.0,
                100.0,
                105.0,
                110.0,
                125.0,
                135.0,
                140.0,
                145.0,
                147.0,
                150.0
            ],
            "massFirstDaughter": [
                0.25,
                2.0,
                3.55
            ]
        },
        "limit": {
            "observed": [
                0.001268,
                0.001555,
                0.001621,
                0.001161,
                0.001428,
                0.001494,
                0.001141,
                0.001401,
                0.001464,
                0.001061,
                0.001293,
                0.001346,
                0.00096,
                0.001178,
                0.001231,
                0.000903,
                0.00111,
                0.001145,
                0.000845,
                0.001042,
                0.001083,
                0.000731,
                0.000891,
                0.000936,
                0.000679,
                0.00083,
                0.000859,
                0.000653,
                0.0008,
                0.000821,
                0.000636,
                0.00078,
                0.000806,
                0.00063,
                0.000772,
                0.000801,
                0.00062,
                0.000759,
                0.000792
            ],
            "expected": [
                0.001268,
                0.001555,
                0.001621,
                0.001161,
                0.001428,
                0.001494,
                0.001141,
                0.001401,
                0.001464,
                0.001061,
                0.001293,
                0.001346,
                0.00096,
                0.001178,
                0.001231,
                0.000903,
                0.00111,
                0.001145,
                0.000845,
                0.001042,
                0.001083,
                0.000731,
                0.000891,
                0.000936,
                0.000679,
                0.00083,
                0.000859,
                0.000653,
                0.0008,
                0.000821,
                0.000636,
                0.00078,
                0.000806,
                0.00063,
                0.000772,
                0.000801,
                0.00062,
                0.000759,
                0.000792
            ]
        }
    }
}