{
    "id": 180808242,
    "reference": "1808.08242",
    "source": "Fig. 3",
    "citeKey": "CMS:2018nsn",
    "collider": "LHC13",
    "experiment": "CMS",
    "luminosity": 102.1,
    "referenceMass": 125.09,
    "referenceModel": "SMHiggsEW",
    "massResolution": 10,
    "subMeasurements": {
        "ggF": {
            "obs": [
                0.347164905665283,
                2.8,
                5.25283509433472
            ],
            "process": {
                "channels": [
                    [
                        "H",
                        "bb"
                    ]
                ]
            },
            "ref": [
                1.0,
                1.0,
                1.0
            ]
        },
        "vbf": {
            "obs": [
                1.00379555760049,
                2.53,
                4.05620444239951
            ],
            "process": {
                "channels": [
                    [
                        "vbfH",
                        "bb"
                    ]
                ]
            },
            "ref": [
                1.0,
                1.0,
                1.0
            ]
        },
        "ttH": {
            "obs": [
                0.414339581784161,
                0.85,
                1.28566041821584
            ],
            "process": {
                "channels": [
                    [
                        "Htt",
                        "bb"
                    ],
                    [
                        "Ht",
                        "bb"
                    ],
                    [
                        "HtW",
                        "bb"
                    ]
                ]
            },
            "ref": [
                1.0,
                1.0,
                1.0
            ]
        },
        "WH": {
            "obs": [
                0.863569395505626,
                1.24,
                1.61643060449437
            ],
            "process": {
                "channels": [
                    [
                        "HW",
                        "bb"
                    ]
                ]
            },
            "ref": [
                1.0,
                1.0,
                1.0
            ]
        },
        "ZH": {
            "obs": [
                0.591555897962881,
                0.88,
                1.16844410203712
            ],
            "process": {
                "channels": [
                    [
                        "HZ",
                        "bb"
                    ]
                ]
            },
            "ref": [
                1.0,
                1.0,
                1.0
            ]
        }
    }
}