{
    "limitClass": "PairDecayLimit",
    "id": 180600408,
    "reference": "1806.00408",
    "source": "Fig. 9 (left)",
    "citeKey": "CMS:2018tla",
    "collider": "LHC13",
    "experiment": "CMS",
    "luminosity": 19.7,
    "process": {
        "production": [
            "H"
        ],
        "firstDecay": [
            "gamgam"
        ],
        "secondDecay": [
            "bb"
        ]
    },
    "analysis": {
        "equalDaughterMasses": true,
        "massResolution": {
            "firstDaughter": {
                "absolute": 1.5,
                "relative": 0.0
            },
            "secondDaughter": {
                "absolute": 5,
                "relative": 0.1
            },
            "mother": {
                "absolute": 15,
                "relative": 0.15
            }
        },
        "grid": {
            "massMother": [
                260.662525879917,
                270.600414078675,
                280.538302277433,
                300.414078674948,
                320.289855072464,
                350.766045548654,
                400.455486542443,
                450.144927536232,
                500.496894409938,
                550.186335403727,
                599.875776397516,
                650.227743271222,
                699.91718426501,
                750.269151138716,
                799.958592132505,
                900
            ],
            "massFirstDaughter": [
                125.0
            ]
        },
        "limit": {
            "observed": [
                0.0041987070844439105, 
                0.0038720387818125504, 
                0.00400880632889847, 
                0.00344896226040576, 
                0.0011895340673703202, 
                0.0023272024789604104, 
                0.00123155060329283, 
                0.0013987131026472399, 
                0.0005672426068491981, 
                0.0013049019780144, 
                0.000499450511585514, 
                0.000943787827777538, 
                0.00058052255160949, 
                0.000280050389418363, 
                0.00048802515836544305, 
                0.000922197882333433
            ],
            "expected": [
                0.0018679135990207802, 
                0.00222194686093952, 
                0.00222194686093952, 
                0.0021461411978584, 
                0.0016257556664437901, 
                0.00148202070579886, 
                0.00113573335834311, 
                0.0009329304026284681, 
                0.00073168071434272, 
                0.000659318827133355, 
                0.000499450511585514, 
                0.00045005576757005, 
                0.00048241087041653703, 
                0.00045005576757005, 
                0.00035297073027306503, 
                0.000318062569279412
            ]
        }
    }
}
