{
    "limitClass": "PairDecayLimit",
    "id": 160306896,
    "reference": "1603.06896",
    "source": "Fig. 9 (left)",
    "citeKey": "CMS:2016cma",
    "collider": "LHC8",
    "experiment": "CMS",
    "luminosity": 19.7,
    "process": {
        "production": [
            "H"
        ],
        "firstDecay": [
            "gamgam"
        ],
        "secondDecay": [
            "bb"
        ]
    },
    "analysis": {
        "equalDaughterMasses": true,
        "massResolution": {
            "firstDaughter": {
                "absolute": 1.5,
                "relative": 0.0
            },
            "secondDaughter": {
                "absolute": 5,
                "relative": 0.1
            },
            "mother": {
                "absolute": 15,
                "relative": 0.15
            }
        },
        "grid": {
            "massMother": [
                260.0,
                270.0,
                280.0,
                289.0,
                299.0,
                310.0,
                320.0,
                329.0,
                339.0,
                349.0,
                359.0,
                369.0,
                380.0,
                389.0,
                399.0,
                400.0,
                449.0,
                499.0,
                549.0,
                649.0,
                699.0,
                799.0,
                999.0,
                1100.0
            ],
            "massFirstDaughter": [
                125.0
            ]
        },
        "limit": {
            "observed": [
                0.001519911,
                0.00231013,
                0.003551146,
                0.002896786,
                0.003243818,
                0.003715562,
                0.002896786,
                0.00142015,
                0.0010463,
                0.0009666249,
                0.0009666249,
                0.0008344031,
                0.001171645,
                0.001225892,
                0.001158463,
                0.00176076,
                0.001452654,
                0.001842283,
                0.001372752,
                0.0008535008,
                0.0003571294,
                0.0003082787,
                0.0003189228,
                0.0003875659
            ],
            "expected": [
                0.00150281,
                0.001640494,
                0.001778177,
                0.001902092,
                0.002039775,
                0.001902161,
                0.001777057,
                0.001706464,
                0.001721362,
                0.001613471,
                0.001505579,
                0.001397688,
                0.001279008,
                0.001231222,
                0.001184977,
                0.001361092,
                0.001171645,
                0.0009434899,
                0.0008157328,
                0.0005942316,
                0.0005404465,
                0.0004328761,
                0.0003822166,
                0.0004484222
            ]
        }
    }
}