{
    "limitClass": "PairDecayLimit",
    "id": 181104671,
    "reference": "1811.04671",
    "source": "Fig. 9 (left)",
    "citeKey": "ATLAS:2018fpd",
    "collider": "LHC13",
    "experiment": "ATLAS",
    "luminosity": 36.1,
    "process": {
        "production": [
            "H"
        ],
        "firstDecay": [
            "bb"
        ],
        "secondDecay": [
            "WW"
        ]
    },
    "analysis": {
        "equalDaughterMasses": true,
        "massResolution": {
            "firstDaughter": {
                "absolute": 30,
                "relative": 0
            },
            "secondDaughter": {
                "absolute": 30,
                "relative": 0
            },
            "mother": {
                "absolute": 15,
                "relative": 0.15
            }
        },
        "grid": {
            "massMother": [
                500.0,
                600.0,
                700.0,
                750.0,
                800.0,
                900.0,
                1000.0,
                1100.0,
                1200.0,
                1300.0,
                1400.0,
                1500.0,
                1599.0,
                1600.0,
                1800.0,
                2000.0,
                2250.0,
                2500.0,
                2750.0,
                3000.0
            ],
            "massFirstDaughter": [
                125.0
            ]
        },
        "limit": {
            "observed": [
                1.37885285218188,
                0.297930705560727,
                0.150442695121987,
                0.205843032932866,
                0.202642124526015,
                0.132468363298902,
                0.0829773948545166,
                0.0938112386930886,
                0.0755906831463994,
                0.0514607582332166,
                0.0755906831463994,
                0.0672190765438666,
                0.10021305550679,
                0.140347522454227,
                0.138623956389,
                0.136161719152961,
                0.122619414354746,
                0.102921516466433,
                0.169894369286696,
                0.1260665464852
            ],
            "expected": [
                1.0464508253166,
                0.31762860344904,
                0.163492552472994,
                0.182944226637703,
                0.163000105025786,
                0.120157177118707,
                0.100459279230394,
                0.0933187912458807,
                0.0866707507085752,
                0.0716511035687369,
                0.0886405404974065,
                0.095288581034712,
                0.0778066966588346,
                0.121388295736726,
                0.116463821264648,
                0.122619414354746,
                0.114001584028609,
                0.1071073197677,
                0.171864159075527,
                0.155613393317669
            ]
        }
    }
}