{
    "limitClass": "PairDecayLimit",
    "id": 220906197,
    "reference": "2209.06197",
    "source": "Fig. 2",
    "citeKey": "CMS:2022fyt",
    "collider": "LHC13",
    "experiment": "CMS",
    "luminosity": 136.0,
    "process": {
        "production": [
            "H"
        ],
        "firstDecay": [
            "gamgam"
        ],
        "secondDecay": [
            "gamgam"
        ]
    },
    "analysis": {
        "equalDaughterMasses": true,
        "massResolution": {
            "firstDaughter": {
                "absolute": 0.1,
                "relative": 0.015
            },
            "secondDaughter": {
                "absolute": 0.1,
                "relative": 0.015
            },
            "mother": {
                "absolute": 10,
                "relative": 0
            }
        },
        "grid": {
            "massMother": [
                125.0
            ],
            "massFirstDaughter": [
                0.1,
                0.2,
                0.3,
                0.4,
                0.5,
                0.6,
                0.7,
                0.8,
                0.9,
                1.0,
                1.1,
                1.2
            ]
        },
        "limit": {
            "observed": [
                0.0714958882573617,
                0.0881317441896566,
                0.0875828885847292,
                0.0703513754067767,
                0.0545536943130143,
                0.0410144051192166,
                0.0362572310737181,
                0.0482865291497737,
                0.0593274616674989,
                0.0643607653933058,
                0.0534347096301003,
                0.142502486634362
            ],
            "expected": [
                0.120888638006214,
                0.0667519037651599,
                0.0484354434611881,
                0.0374468436871886,
                0.044367955412269,
                0.0468101501194652,
                0.0529156368874558,
                0.0590211236554464,
                0.0687899024842314,
                0.0736742918986238,
                0.0842557173982703,
                0.170953629503737
            ]
        }
    }
}