{
    "limitClass": "PairDecayLimit",
    "id": 240213358,
    "reference": "2402.13358",
    "source": "Fig. 12",
    "citeKey": "CMS:2024uru",
    "collider": "LHC13",
    "experiment": "CMS",
    "luminosity": 138.0,
    "process": {
        "production": [
            "H"
        ],
        "firstDecay": [
            "bb"
        ],
        "secondDecay": [
            "mumu",
            "tautau"
        ]
    },
    "analysis": {
        "equalDaughterMasses": true,
        "massResolution": {
            "firstDaughter": {
                "absolute": 5,
                "relative": 0.1
            },
            "secondDaughter": {
                "absolute": 5,
                "relative": 0.0
            },
            "mother": {
                "absolute": 12.5,
                "relative": 0.25
            }
        },
        "grid": {
            "massMother": [
                125.0
            ],
            "massFirstDaughter": [
                12.0,
                15.0,
                20.0,
                25.0,
                30.0,
                35.0,
                40.0,
                45.0,
                50.0,
                55.0,
                60.0
            ]
        },
        "limit": {
            "observed": [
                3.28143321938171,
                1.30972264236275,
                0.917482346097207,
                0.446572746458741,
                0.276793412667872,
                0.676624084120937,
                0.74014667467571,
                0.601911646737024,
                0.350888919333068,
                0.721936581737035,
                0.790607352772135
            ],
            "expected": [
                2.40832733808599,
                1.32559265326491,
                0.625397560994382,
                0.361874540820839,
                0.374345050728143,
                0.3785699624777,
                0.412058663767494,
                0.433425740108155,
                0.495927203956087,
                0.584680133559072,
                0.459507018078735
            ]
        }
    }
}